Attack,Epsilon,Def0,Def1,Def2,Def3,Def4,Def5,Def6,Def7,Def8,Def9,Def10,Def11
baseline,0.0,0.9070354096786635,0.8865246583390609,0.909480535013111,0.9097439589407215,0.9024950377774275,0.862158098429559,0.8840440016610557,0.9074362292596627,0.8932036607869517,0.9146150476927948,0.9064910990637779,0.86543043699007
BIM,0.01,0.8646819154737568,0.8861912397144645,0.8946902822237139,0.8974581521275845,0.8987060437000804,0.8125675568505217,0.8792611476890432,0.8646417036870204,0.8645682831355156,0.9080397139659037,0.8932829798708546,0.8536323644121191
BIM,0.1,0.5234451561462188,0.8775945668548278,0.7771057811305695,0.8062476800685965,0.8557008198503855,0.6661370296373177,0.8048661973223628,0.5232289270878028,0.635682269989923,0.8582666330288311,0.7471690293818594,0.6761032528676261
BIM,0.2,0.050582490899224564,0.7150397405729323,0.6205574077622429,0.7188508596296239,0.6061506483619434,0.6346656524409064,0.7874717062557806,0.050440983163522246,0.49631956411811157,0.7109205066743745,0.6183315264811373,0.5201426611672431
BIM,0.3,0.008249288629382434,0.6206497669103153,0.5254155990641824,0.6697160096594651,0.48116935319475895,0.5182840943123161,0.7681802636793535,0.008240658556535965,0.347982710945419,0.5646302546924902,0.567708248946026,0.37782891378161776
FGSM,0.01,0.8651619894038152,0.8861946769955942,0.8945872821427298,0.8974868508074174,0.8985842693057647,0.812799293387974,0.8793679392915217,0.8653539846576903,0.8657513869935669,0.908003426892966,0.8923012235680245,0.8538111938865068
FGSM,0.1,0.588033262673216,0.8762715144353919,0.7621569199318902,0.8050371787125382,0.8484555249222752,0.6936322049742962,0.8056919352889453,0.5857080557990542,0.6682292562525549,0.8311440367657401,0.7601520739940306,0.7190913114038311
FGSM,0.2,0.24780396713543282,0.8460324010376326,0.6016161905005117,0.6965396478045605,0.7321714400506363,0.6169889263872541,0.7889496641590761,0.24930162115318497,0.5841479362127117,0.6570230020498022,0.6436916597123703,0.6269423892757968
FGSM,0.3,0.18298600848818927,0.7638146434983681,0.3131768419789025,0.5846488129572026,0.4701413247345153,0.5679248701200696,0.7844190892145553,0.17984915200972096,0.5088451794066564,0.5212113129001298,0.5403128973944127,0.43199485778663027
PGD,0.01,0.8646819154737568,0.8861912397144645,0.8946902822237139,0.8974581521275845,0.8987060437000804,0.8125675568505217,0.8792611476890432,0.8648469500445692,0.8645682831355156,0.9080397139659037,0.8932829798708546,0.8536323644121191
PGD,0.1,0.5234451561462188,0.8775945668548278,0.7771057811305695,0.8062476800685965,0.8557008198503855,0.6661370296373177,0.8048661973223628,0.523161493572881,0.635682269989923,0.8582666330288311,0.7471690293818594,0.6761032528676261
PGD,0.2,0.050582490899224564,0.7150397405729323,0.6205574077622429,0.7188508596296239,0.6061506483619434,0.6346656524409064,0.7874717062557806,0.05029642061308273,0.49631956411811157,0.7109205066743745,0.6183315264811373,0.5201426611672431
PGD,0.3,0.008249288629382434,0.6206497669103153,0.5254155990641824,0.6697160096594651,0.48116935319475895,0.5182840943123161,0.7681802636793535,0.008266838167288359,0.347982710945419,0.5646302546924902,0.567708248946026,0.37782891378161776
DF,0.01,0.08230036762558025,0.38527230580696303,0.17127107553583348,0.18343669470074966,0.15809131153193945,0.09988188507049292,0.5029617511376667,0.08666609957053537,0.30191826714039316,0.21599109949625767,0.14883093467596703,0.1729704523066436
DF,0.1,0.10083944624702497,0.3726257968962786,0.16899895165114298,0.18052000651789543,0.15420325686242245,0.09947724813215131,0.4751709404438532,0.10244958335808813,0.3022517091030645,0.20927883288800025,0.1472441840501765,0.1704108992107775
DF,0.2,0.11634683787586446,0.36532041262684967,0.16674417150639648,0.17829766820999732,0.1497303184454543,0.09775097888276604,0.4346801261418899,0.11638276301832463,0.30316793378781515,0.20485512775694142,0.1460754473820912,0.1674866619563759
DF,0.3,0.12574959692608464,0.35861397383579907,0.16419934953711135,0.17646518645540338,0.14472964519584297,0.09674661746813079,0.4052074358349344,0.12586312506927202,0.30274185669884485,0.19971319098508977,0.14434136059037223,0.16572242447531382
AutoPGD,0.01,0.8646126668192522,0.8864856774587258,0.9079508769665561,0.9088447910607707,0.9018361893061186,0.8345848589308749,0.8909200484106718,0.8674095954099301,0.8865522866204734,0.9125563760292041,0.9046888728199071,0.8641269817254544
AutoPGD,0.1,0.478535036914027,0.8798065316546575,0.7859512528734274,0.8188878026403175,0.8651163279526332,0.711452408796763,0.8125886563243137,0.4814451651478747,0.6916645112031801,0.8573987787856754,0.7632070138548049,0.7065852873459695
AutoPGD,0.2,0.0194716016525072,0.7280864025739451,0.6439957183491667,0.7471221847464737,0.6287580658151493,0.6642182860858261,0.7917793641769753,0.021310617527347368,0.5306986779899712,0.7220927489882067,0.6204024416971253,0.5355679220520315
AutoPGD,0.3,0.001646825918236845,0.665163335777284,0.5507347826224852,0.6976170988891564,0.5130925261695399,0.5522469142156072,0.771647205039935,0.0028128240175955715,0.4007760144572385,0.5810779975761338,0.5780315042564002,0.4046217146857377
ZOO,0.01,0.8363730738482078,0.8864118925490663,0.9069013772800063,0.9072775127967936,0.9016610503026816,0.8395423024021289,0.8908895276719473,0.8432816728111536,0.8837560040208574,0.9122054924701719,0.904175037144531,0.8648505180763246
ZOO,0.1,0.8358529013267217,0.8864432702510846,0.9071973708467884,0.9073756999412104,0.9016288863559256,0.839287492739224,0.8908333070551251,0.842076565918735,0.883583933664333,0.9120775921203006,0.9041207108892534,0.8648265312626953
ZOO,0.2,0.8342424117962287,0.8864491591203476,0.9066777771889074,0.9071501865708596,0.9015824102382826,0.8385097178629777,0.8908883222588264,0.8400998104544422,0.8833062020710885,0.9118292758711178,0.9039778216109655,0.8647145044322062
ZOO,0.3,0.8345696194896868,0.8864508730766603,0.9066481593266116,0.9072292665780387,0.9016835886584732,0.8390153917543968,0.8908076093144697,0.8393799741458903,0.8831707999509781,0.9118848436836322,0.9035927743909689,0.8646139358431353
CaFA,0.01,0.30161557212150353,0.8777033766184563,0.6100233137940946,0.7757939863091451,0.6848213687849375,0.5138432624695477,0.8264549540200994,0.3116180077631878,0.6824354282010134,0.7984036560699903,0.8005727350304315,0.5887229724484325
CaFA,0.1,0.2912931242211057,0.8778747792154675,0.6173724231310307,0.7830719459071569,0.6868816755166738,0.5112455036495178,0.8240921692811445,0.30582275545282905,0.6830370634328833,0.8005950423035221,0.804254582767157,0.590409335222162
CaFA,0.2,0.28519273064453915,0.8780436995022749,0.6175138163502412,0.7800571357832233,0.6921405217499514,0.5154027058780581,0.815678845334155,0.30023157955598945,0.6913559547661183,0.7918858174107548,0.7970327106077142,0.58988517518221
CaFA,0.3,0.2744182519866878,0.8741582663422667,0.6104109055291276,0.7730055867825624,0.6981727311124415,0.5228243664404992,0.8056289640541654,0.2907343387257557,0.7004505690878239,0.7762134082105894,0.7776169850430052,0.5838256483301032
SINIFGSM,0.01,0.8843584551191599,0.8853402548712741,0.9017693096391157,0.9012326679935252,0.8982819786138986,0.8163482495832419,0.8817300173291203,0.8842479783382484,0.8808920073972368,0.9100876101568918,0.8969940228050325,0.8565860124041039
SINIFGSM,0.1,0.5723912290864396,0.8674376069537222,0.8237176346041549,0.8116825994671617,0.8529960159340068,0.7269862869941957,0.8051337911042691,0.5722730974419923,0.6995246633161651,0.851382793873102,0.7620038104301841,0.7006543820129403
SINIFGSM,0.2,0.05131757049513569,0.8442484704103477,0.6363695870234765,0.7138005375957238,0.7282216516030877,0.6298365674487962,0.7716956754277733,0.05064363305401204,0.493745548131839,0.6761634523752035,0.5898827881676734,0.49592964974549336
SINIFGSM,0.3,0.0022883049032930325,0.6868851469101955,0.4557565906571167,0.6248984525312691,0.4744260199100607,0.48373744958985193,0.7576140094374666,0.0023758070499734717,0.31062136815520225,0.4364625576457073,0.4792284633915254,0.35641819996119717
VNIFGSM,0.01,0.8651897939740362,0.8860194231085865,0.8962622870207673,0.897883743151133,0.8989253973236633,0.8112305891619525,0.879776574372245,0.8652879881077582,0.879353564047412,0.9081315277603841,0.8928941706982121,0.8542260071004764
VNIFGSM,0.1,0.5064355187083666,0.874896225834368,0.7582092645572962,0.7945806959803159,0.8450010543685083,0.6920471999725006,0.793313667968153,0.5061373611643175,0.6534851237931938,0.8357274267305734,0.7284472877190395,0.6652409506280146
VNIFGSM,0.2,0.07866556176640613,0.8340115454031456,0.5721645951409143,0.6914376514438133,0.6947293535143038,0.6187942401263874,0.7752972835861558,0.0788159600069803,0.46362057027630144,0.5963430896199694,0.5746976267461901,0.55037648104954
VNIFGSM,0.3,0.06290473334640609,0.8267437755401754,0.5741916638207694,0.6905122925073286,0.6796940415915195,0.6170852893421973,0.7738218023228429,0.06295146552471338,0.45244626863976534,0.5919290059109807,0.5669297442396366,0.5272533008588725
